id,title,intro,poster,pubdate,url,rating,genres,star,comment,tags,star_time,card
4590162776,疯狂独角兽,,https://img1.doubanio.com/view/photo/m_ratio_poster/public/p2922009160.jpg,2025-05-29(泰国),https://movie.douban.com/subject/37259671/,8.4,剧情,4,喜欢找对象和框框打脸的桥段,,2025-07-20 17:24:47,2025 / 泰国 / 剧情 / 诺塔彭·邦帕卡布 / 纳塔拉·诺帕卢塔亚朋 娜米妲·吉勒娜拉帕
4530859498,半泽直树,,https://img9.doubanio.com/view/photo/m_ratio_poster/public/p2411814194.jpg,2013-07-07(日本),https://movie.douban.com/subject/24697949/,9.2,剧情,5,打工人下克上の顶级爽剧，雅人叔和香川叔的演技也都是我喜欢的那一挂~,,2025-05-13 17:05:05,2013 / 日本 / 剧情 / 福泽克雄 棚泽孝义 田中健太 / 堺雅人 上户彩
4493897799,弥留之国的爱丽丝 第一季,,https://img3.doubanio.com/view/photo/m_ratio_poster/public/p2624050592.jpg,2020-12-10(日本),https://movie.douban.com/subject/34477588/,8,"动作,科幻,悬疑",3,各方面都比较一般,,2025-03-30 18:33:27,2020 / 日本 / 动作 科幻 悬疑 惊悚 奇幻 / 佐藤信介 / 山崎贤人 土屋太凤
4481557356,我的恐怖妻子,,https://img9.doubanio.com/view/photo/m_ratio_poster/public/p2909455004.jpg,2016-04-19(日本),https://movie.douban.com/subject/26741568/,9,"剧情,悬疑",4,人物时常ooc，叙事节奏稍微有些问题,,2025-03-16 17:01:21,2016 / 日本 / 剧情 悬疑 / 三宅喜重 国本雅广 / 伊藤英明 木村佳乃
4450924870,诈欺游戏2,,https://img2.doubanio.com/view/photo/m_ratio_poster/public/p2913007941.jpg,2009-11-10(日本),https://movie.douban.com/subject/3685955/,8.5,"悬疑,犯罪",5,看完唯有感叹：义乌人福永 (2比1的bug要多上很多，不知道同期的漫画水平怎么样),,2025-02-16 16:12:16,2009 / 日本 / 悬疑 犯罪 / 松山博昭 大木绫子 长濑国博 / 户田惠梨香 松田翔太
4437913218,再见爱人 第四季,,https://img1.doubanio.com/view/photo/m_ratio_poster/public/p2914330680.jpg,2024-10-17(中国大陆),https://movie.douban.com/subject/36642447/,6.5,真人秀,3,这一季的剧本堪称魔幻，热度也出圈了，看的直让人疯癫,,2025-02-05 17:21:48,2024 / 中国大陆 / 真人秀 / 刘乐 / 黄圣依 杨子
4435944434,赌博默示录,,https://img9.doubanio.com/view/photo/m_ratio_poster/public/p2200768775.jpg,2009-10-10(日本),https://movie.douban.com/subject/3259956/,7.2,剧情,4,颇具教育意义,,2025-02-04 10:12:14,2009 / 日本 / 剧情 / 佐藤东弥 / 藤原龙也 天海祐希
4361864662,好东西,,https://img2.doubanio.com/view/photo/m_ratio_poster/public/p2915454411.jpg,2024-11-22(中国大陆),https://movie.douban.com/subject/36154853/,9.1,"剧情,爱情",4,给母亲的家务活拟音配音，再让小孩猜是哪种声音的桥段很绝，我猜对了第一个，没想到这里有一连串的设计。题外话：年轻的时候感觉一个作品总要有一个中心，年长几岁反而觉得什么中心，见鬼去吧，能有几个点串起来也不错了，能有巧思也不错,,2024-11-23 18:18:47,2024 / 中国大陆 / 剧情 爱情 / 邵艺辉 / 宋佳 钟楚曦
4302391761,从21世纪安全撤离,,https://img3.doubanio.com/view/photo/m_ratio_poster/public/p2911256273.jpg,2024-08-02(中国大陆),https://movie.douban.com/subject/26816104/,7.3,"喜剧,科幻",5,"没有童心的人是不会喜欢这部片子的，而我就是喜欢这些注定死在过去的东西。
摘抄下结尾的旁白：“我们清楚的看过未来的痛苦、离别和死亡，可即便如此，我们还是义无反顾的奔跑。像痛击岩石的浪潮。一遍又一遍扑向陡峭的未来。想抱紧每一个人，就算短暂。想变成更好的人，哪怕最后会熄灭。我们变成旷野里的星火，想在夜空里炸个粉碎。照亮长夜吧！”",,2024-09-18 00:35:42,2024 / 中国大陆 / 喜剧 科幻 / 李阳 / 张若昀 钟楚曦
4293847762,姥姥的外孙,,https://img1.doubanio.com/view/photo/m_ratio_poster/public/p2911511570.jpg,2024-08-23(中国大陆),https://movie.douban.com/subject/36328210/,8.9,剧情,4,子欲养而亲不待,,2024-09-07 22:38:03,2024 / 泰国 / 剧情 / 帕特·波尼蒂帕特 / 普提蓬·阿萨拉塔纳功 乌萨·萨梅坎姆
4248026948,信号,,https://img1.doubanio.com/view/photo/m_ratio_poster/public/p2304228229.jpg,2016-01-22(韩国),https://movie.douban.com/subject/26310143/,9.2,"剧情,悬疑,犯罪",4,“即便过去改变了，也有不会改变的东西，那就是这个世界是不公平的。”这世道本来就是这样子，但即便是这样，也要努力坚持下去。,,2024-07-20 08:22:39,2016 / 韩国 / 剧情 悬疑 犯罪 奇幻 / 金元锡 / 李帝勋 赵震雄
4218163783,我们与恶的距离,,https://img9.doubanio.com/view/photo/m_ratio_poster/public/p2554916825.jpg,2019-03-24(中国台湾),https://movie.douban.com/subject/30181230/,9.4,剧情,5,[引自豆瓣热评] 民众在斩草，政府在除根，媒体在浇水，只有王赦在研究土壤。这部台湾电视剧对于社会问题的探讨比国内同类要深入太多,,2024-06-17 16:58:46,2019 / 中国台湾 / 剧情 / 林君阳 / 贾静雯 温升豪
4208726737,庆余年 第一季,,https://img3.doubanio.com/view/photo/m_ratio_poster/public/p2575362797.jpg,2019-11-26(中国大陆),https://movie.douban.com/subject/25853071/,7.9,"剧情,古装",4,可以给到4.5星。这一季的人设演出没有崩,,2024-06-07 00:08:42,2019 / 中国大陆 / 剧情 古装 / 孙皓 / 张若昀 李沁
4208725484,庆余年 第二季,,https://img1.doubanio.com/view/photo/m_ratio_poster/public/p2907968100.jpg,2024-05-16(中国大陆),https://movie.douban.com/subject/34937650/,7.3,"剧情,古装",3,下饭榨菜剧。如果说第一季是严肃中带着搞笑，第二季更多的是为了抖包袱而抖包袱,,2024-06-07 00:07:19,2024 / 中国大陆 / 剧情 古装 / 孙皓 / 张若昀 李沁
4180970254,密室逃生2,,https://img3.doubanio.com/view/photo/m_ratio_poster/public/p2870297032.jpg,2022-04-02(中国大陆),https://movie.douban.com/subject/30469922/,6.2,"悬疑,惊悚",3,五一假期在家里电视上看的，中规中矩。同类型影视作品中电锯惊魂第一部确实是经典,,2024-05-06 15:30:41,2021 / 美国 南非 / 悬疑 惊悚 / 亚当·罗比特尔 / 泰勒·拉塞尔 洛根·米勒
4149174340,铃芽之旅,,https://img3.doubanio.com/view/photo/m_ratio_poster/public/p2887641712.jpg,2023-03-24(中国大陆),https://movie.douban.com/subject/35371261/,7.2,"爱情,动画,奇幻",3,又名你的椅子,,2024-04-05 14:23:30,2022 / 日本 / 爱情 动画 奇幻 / 新海诚 / 原菜乃华 松村北斗
4143404641,沙丘2,,https://img9.doubanio.com/view/photo/m_ratio_poster/public/p2902227445.jpg,2024-03-08(中国大陆),https://movie.douban.com/subject/35575567/,8.1,"剧情,动作,科幻",3,人物比较扁平，故事很弱，视听是用心了的但脑瓜子被震得嗡嗡的,,2024-03-30 23:06:35,2024 / 美国 加拿大 / 剧情 动作 科幻 冒险 / 丹尼斯·维伦纽瓦 / 提莫西·查拉梅 赞达亚
4115105750,大明王朝1566,,https://img1.doubanio.com/view/photo/m_ratio_poster/public/p2444453078.jpg,2007-01-08(中国大陆),https://movie.douban.com/subject/2210001/,9.8,"剧情,历史,古装",5,和同名书籍同步标记一下,,2024-03-04 15:37:56,2007 / 中国大陆 / 剧情 历史 古装 / 张黎 / 陈宝国 黄志忠
4088583417,潜伏,,https://img9.doubanio.com/view/photo/m_ratio_poster/public/p2189694504.jpg,2008-12-20(中国大陆),https://movie.douban.com/subject/3314870/,9.5,剧情,5,吴敬中站长是最后的人间清醒,,2024-02-12 16:36:50,2008 / 中国大陆 / 剧情 / 姜伟 付玮 / 孙红雷 姚晨
4083960412,人民的名义,,https://img1.doubanio.com/view/photo/m_ratio_poster/public/p2452241358.jpg,2017-03-28(中国大陆),https://movie.douban.com/subject/26727273/,8.3,"剧情,悬疑,犯罪",5,“我来监督李达康，谁来监督他沙瑞金？”一刷看了完整版，二刷人民的名义鸡精版，又咂摸出好多味道来。张丰毅，张志坚，吴刚，许亚军，李建义等一众老戏骨的演技真是炸裂，天降神兵的侯亮平惹人生厌，做尽坏事的祁厅长反而成为了大家最共情的角色。想不通这剧为啥只有8.3分,,2024-02-08 11:49:40,2017 / 中国大陆 / 剧情 悬疑 犯罪 / 李路 / 陆毅 柯蓝
4036908033,后宫·甄嬛传,,https://img3.doubanio.com/view/photo/m_ratio_poster/public/p1480046723.jpg,2011-11-17(中国大陆),https://movie.douban.com/subject/4922787/,9.4,"剧情,古装",5,电子榨菜，演技在线，宫斗导师，职场启蒙，听弦知音，学习说话的艺术,,2024-01-28 20:57:14,2011 / 中国大陆 / 剧情 古装 / 郑晓龙 / 孙俪 陈建斌
4049095422,年会不能停！,,https://img1.doubanio.com/view/photo/m_ratio_poster/public/p2901057189.jpg,2023-12-29(中国大陆),https://movie.douban.com/subject/35725869/,8.1,"剧情,喜剧",5,全程看得乐呵！虽然部分台词稍显刻意，结局也回归政治正确，但是在这个黑暗打工时代，敢说敢拍属实难得,,2024-01-07 00:04:55,2023 / 中国大陆 / 剧情 喜剧 / 董润年 / 大鹏 白客
3975976212,繁城之下,,https://img2.doubanio.com/view/photo/m_ratio_poster/public/p2899317221.jpg,2023-10-13(中国大陆),https://movie.douban.com/subject/35725842/,8.5,"悬疑,犯罪,古装",5,繁城之下，迟到的正义便不是正义，无处可讨的公道又怎么是公道。很佩服宁理的演技，有一种力度刚好的美感,,2023-10-28 23:33:23,2023 / 中国大陆 / 悬疑 犯罪 古装 / 王铮 / 白宇帆 宁理
3946226777,坚如磐石,,https://img3.doubanio.com/view/photo/m_ratio_poster/public/p2896319483.jpg,2023-09-28(中国大陆),https://movie.douban.com/subject/33447633/,6,"剧情,动作,犯罪",2,真正的黑恶不敢拍，逻辑有硬伤。于和伟和张国立的演技还不错,,2023-09-29 18:13:11,2023 / 中国大陆 / 剧情 动作 犯罪 / 张艺谋 / 雷佳音 张国立
3909626593,咒中人,,https://img1.doubanio.com/view/photo/m_ratio_poster/public/p2893995740.jpg,2023-07-15(泰国),https://movie.douban.com/subject/36166191/,7.4,"爱情,惊悚,恐怖",2,故弄玄虚,,2023-08-26 22:00:48,2023 / 泰国 / 爱情 惊悚 恐怖 / 帕萨·松潘 / 梅塔文·欧帕西安卡琼 查妮甘·唐卡伯缇
3872044266,长安三万里,,https://img1.doubanio.com/view/photo/m_ratio_poster/public/p2893820209.jpg,2023-07-08(中国大陆),https://movie.douban.com/subject/36035676/,8.3,"动画,历史",4,支持国漫,,2023-07-30 13:18:41,2023 / 中国大陆 / 动画 历史 / 谢君伟 邹靖 / 杨天翔 凌振赫
3852902824,超级马力欧兄弟大电影,,https://img3.doubanio.com/view/photo/m_ratio_poster/public/p2909217327.jpg,2023-04-05(美国/中国大陆),https://movie.douban.com/subject/27199894/,7.8,"喜剧,爱情,科幻",4,虽然故事简单剧情单薄，但是彩蛋多到爆炸。马里奥带给人纯粹的快乐,,2023-07-16 14:10:56,2023 / 美国 日本 / 喜剧 爱情 科幻 动画 奇幻 冒险 / 亚伦·霍瓦斯 迈克尔·杰勒尼克 / 克里斯·帕拉特 安雅·泰勒-乔伊
3826913138,消失的她,,https://img3.doubanio.com/view/photo/m_ratio_poster/public/p2893270877.jpg,2023-06-22(中国大陆),https://movie.douban.com/subject/35660795/,6.2,"悬疑,犯罪",3,降智环节太多，整体氛围太作,,2023-06-22 18:16:42,2022 / 中国大陆 / 悬疑 犯罪 / 崔睿 刘翔 / 朱一龙 倪妮
3823559898,重启人生,,https://img3.doubanio.com/view/photo/m_ratio_poster/public/p2886331572.jpg,2023-01-08(日本),https://movie.douban.com/subject/36156235/,9.4,"剧情,喜剧,奇幻",5,总是很轻易的被手术刀般的精准吐槽和可爱小心思打动，推荐给当下被恋爱婚姻生娃压的喘不过气的所有人 (ep8的ed没听错的话是未闻花名，有被好听和感动到，这首歌和女主的友情脑太契合了),,2023-06-18 23:52:32,2023 / 日本 / 剧情 喜剧 奇幻 / 水野格 狩山俊辅 / 安藤樱 夏帆
3816651279,漫长的季节,,https://img9.doubanio.com/view/photo/m_ratio_poster/public/p2890906384.jpg,2023-04-22(中国大陆),https://movie.douban.com/subject/35588177/,9.4,"剧情,家庭,犯罪",5,这剧挺艺术的，人与人之间的相处状态好真实，东北话自带笑点。感觉不像在看一个故事，倒像在看一场唠嗑,,2023-06-11 18:27:37,2023 / 中国大陆 / 剧情 家庭 犯罪 / 辛爽 / 范伟 秦昊
3769791825,灌篮高手,,https://img1.doubanio.com/view/photo/m_ratio_poster/public/p2910235168.jpg,2023-04-20(中国大陆),https://movie.douban.com/subject/35315950/,8.9,"动画,运动",3,送了两次按摩,,2023-04-28 20:24:58,2022 / 日本 / 动画 运动 / 井上雄彦 / 仲村宗悟 笠间淳
3639508775,中国奇谭,,https://img3.doubanio.com/view/photo/m_ratio_poster/public/p2885130077.jpg,2023-01-01(中国大陆),https://movie.douban.com/subject/35674355/,8.7,"动画,短片,奇幻",4,,,2023-04-08 07:54:06,2023 / 中国大陆 / 动画 短片 奇幻 / 陈廖宇 於水 胡睿 杨木 刘毛宁 陈莲华 周小琳 潘斌 顾杨 刘旷 徐宁
3739630755,宇宙探索编辑部,,https://img9.doubanio.com/view/photo/m_ratio_poster/public/p2889865405.jpg,2023-04-01(中国大陆),https://movie.douban.com/subject/34941536/,8,"喜剧,科幻",3,原来是给理想主义看的，怪不得我实用主义看不懂,,2023-04-01 16:39:50,2021 / 中国大陆 / 喜剧 科幻 / 孔大山 / 杨皓宇 艾丽娅
3718341697,黑暗荣耀 第二季,,https://img1.doubanio.com/view/photo/m_ratio_poster/public/p2887693579.jpg,2023-03-10(韩国),https://movie.douban.com/subject/36193784/,9,"剧情,悬疑",3,演技不错，铺垫太长，剧情有些不合理的爽剧。校园霸凌题材要拍好不容易,,2023-03-12 12:50:30,2023 / 韩国 / 剧情 悬疑 / 安吉镐 / 宋慧乔 李到晛
3718341437,黑暗荣耀,,https://img3.doubanio.com/view/photo/m_ratio_poster/public/p2884876907.jpg,2022-12-30(韩国),https://movie.douban.com/subject/35314632/,8.9,剧情,3,演技不错，铺垫太长，剧情有些不合理的爽剧。校园霸凌题材要拍好不容易,,2023-03-12 12:50:11,2022 / 韩国 / 剧情 / 安吉镐 / 宋慧乔 李到晛
3652982794,三体,,https://img2.doubanio.com/view/photo/m_ratio_poster/public/p2886492021.jpg,2023-01-15(中国大陆),https://movie.douban.com/subject/26647087/,8.7,"剧情,科幻",5,"搞笑剧评：《一个女人对一个亿万富翁讲外星人，反诈APP会出手》，《一个下午让一个富二代为我花45亿美金》
看完感受：低开高走，后期虽然还是有很多瑕疵，但整体值得5星。书里最喜欢的角色还是大史，于和伟老师给了一种形不似却神似的诠释。而汪淼，青年叶文洁，老年叶文洁的选角和演技也是非常贴合原著。大家都在夸倒数第二集的大场面制作古筝行动，我最心水最后一集的演出——""虫子从来没有被完全战胜过""，""人类的赞歌是勇气的赞歌""",,2023-02-27 00:05:30,2023 / 中国大陆 / 剧情 科幻 / 杨磊 / 张鲁一 于和伟
3614786414,三体,,https://img2.doubanio.com/view/photo/m_ratio_poster/public/p2885057891.jpg,2022-12-10(中国大陆),https://movie.douban.com/subject/34444648/,3.7,"剧情,科幻,动画",1,浅浅看了一集，这拍的是什么憨批动画，out of character ＆ 夸大式渲染 （开拍之前就不能先看看隔壁《我的三体》的成片效果，人家方块人都能有演技。真是气死偶咧，气到睡不着）,,2023-02-19 20:02:13,2022 / 中国大陆 / 剧情 科幻 动画 / 林铭浩 / 马正阳 范哲琛
3697638552,狂飙,,https://img2.doubanio.com/view/photo/m_ratio_poster/public/p2886376181.jpg,2023-01-14(中国大陆),https://movie.douban.com/subject/35465232/,8.5,"剧情,犯罪",4,剧中“反派”塑造的很成功，而现实世界又有什么善恶的标准呢,,2023-02-19 19:54:44,2023 / 中国大陆 / 剧情 犯罪 / 徐纪周 / 张译 张颂文
3679774230,流浪地球2,,https://img3.doubanio.com/view/photo/m_ratio_poster/public/p2911690577.jpg,2023-01-22(中国大陆),https://movie.douban.com/subject/35267208/,8.3,"科幻,冒险,灾难",4,,,2023-02-04 19:04:25,2023 / 中国大陆 / 科幻 冒险 灾难 / 郭帆 / 吴京 刘德华
3663796526,满江红,,https://img2.doubanio.com/view/photo/m_ratio_poster/public/p2887555071.jpg,2023-01-22(中国大陆),https://movie.douban.com/subject/35766491/,7,"剧情,喜剧,悬疑",3,,,2023-01-25 17:08:52,2023 / 中国大陆 / 剧情 喜剧 悬疑 古装 / 张艺谋 / 沈腾 易烊千玺
3606071645,初恋,,https://img3.doubanio.com/view/photo/m_ratio_poster/public/p2883789917.jpg,2022-11-24(日本),https://movie.douban.com/subject/35275350/,8.5,"剧情,爱情",5,,,2022-12-17 19:53:52,2022 / 日本 / 剧情 爱情 / 寒竹百合 / 满岛光 佐藤健
3573999308,名侦探柯南：贝克街的亡灵,,https://img3.doubanio.com/view/photo/m_ratio_poster/public/p2890515833.jpg,2023-04-04(中国大陆),https://movie.douban.com/subject/2286642/,8.8,"动画,悬疑,冒险",4,,,2022-11-20 14:48:59,2002 / 日本 / 动画 悬疑 冒险 / 儿玉兼嗣 / 高山南 山崎和佳奈
3573349401,1899,,https://img9.doubanio.com/view/photo/m_ratio_poster/public/p2882110166.jpg,2022-11-17(德国),https://movie.douban.com/subject/30378843/,6.7,"剧情,科幻,悬疑",2,,,2022-11-20 00:07:59,2022 / 德国 美国 / 剧情 科幻 悬疑 恐怖 / 巴伦·博·欧达尔 / 艾米丽·比查姆 阿奈林·巴纳德
3571841121,名侦探柯南：万圣节的新娘,,https://img3.doubanio.com/view/photo/m_ratio_poster/public/p2883894742.jpg,2022-11-18(中国大陆),https://movie.douban.com/subject/35437938/,7.3,"动作,动画,悬疑",3,,,2022-11-18 23:01:43,2022 / 日本 / 动作 动画 悬疑 / 满仲劝 / 高山南 古谷彻
3564264710,她和她的她,,https://img9.doubanio.com/view/photo/m_ratio_poster/public/p2881079904.jpg,2022-10-28(中国台湾),https://movie.douban.com/subject/35604644/,8.6,"剧情,悬疑",3,,,2022-11-12 15:27:25,2022 / 中国台湾 / 剧情 悬疑 / 卓立 / 许玮甯 李程彬
3438129210,我的三体之章北海传,,https://img9.doubanio.com/view/photo/m_ratio_poster/public/p2590648365.jpg,2020-01-21(中国大陆),https://movie.douban.com/subject/34892096/,9.6,"剧情,科幻,动画",5,第7集结尾的演出，震撼人心,,2022-07-29 08:19:11,2020 / 中国大陆 / 剧情 科幻 动画 / 李圳宜 / 巫蛊悠悠 芥末
3409278992,强风吹拂,,https://img3.doubanio.com/view/photo/m_ratio_poster/public/p2535645337.jpg,2018-10-02(日本),https://movie.douban.com/subject/30238385/,9.6,"动画,运动",5,"文学院的清籁灰二说话还是好听，情商还是高啊 ＆ 
跑步不是为了快，而是为了变得“强大”",,2022-07-03 18:42:11,2018 / 日本 / 动画 运动 / 野村和也 板津匡览 江副仁美 佐藤雅子 丝贺慎太郎 镰田祐辅 / 大塚刚央 丰永利行
3402238896,攻壳机动队,,https://img9.doubanio.com/view/photo/m_ratio_poster/public/p2446408045.jpg,1995-11-18(日本),https://movie.douban.com/subject/1291936/,9.1,"动作,科幻,动画",3,,,2022-06-26 22:02:11,1995 / 日本 / 动作 科幻 动画 / 押井守 / 田中敦子 大塚明夫
3247320409,奇巧计程车,,https://img3.doubanio.com/view/photo/m_ratio_poster/public/p2631090442.jpg,2021-04-06(日本),https://movie.douban.com/subject/35332568/,9.4,"剧情,动画,悬疑",5,神作~剧本，最后一集的运镜，立意，叙事节奏，以及锦上添花的op，ed，新鲜段子，让人完全不会在意逻辑上的瑕疵。,,2022-02-20 22:50:17,2021 / 日本 / 剧情 动画 悬疑 / 木下麦 新田典生 西田健一 大庭秀昭 / 花江夏树 饭田里穗
3247217232,未麻的部屋,,https://img3.doubanio.com/view/photo/m_ratio_poster/public/p1351050722.jpg,1997-08-05(加拿大奇幻电影节),https://movie.douban.com/subject/1395091/,9.1,"剧情,动画,悬疑",4,,,2022-02-20 21:52:57,1997 / 日本 / 剧情 动画 悬疑 惊悚 犯罪 / 今敏 / 岩男润子 松本梨香
3247216829,尼罗河上的惨案,,https://img9.doubanio.com/view/photo/m_ratio_poster/public/p2854856216.jpg,2022-02-19(中国大陆),https://movie.douban.com/subject/27203644/,5.7,"剧情,悬疑,犯罪",2,,,2022-02-20 21:52:42,2022 / 美国 英国 / 剧情 悬疑 犯罪 / 肯尼思·布拉纳 / 肯尼思·布拉纳 盖尔·加朵
3238922124,扬名立万,,https://img1.doubanio.com/view/photo/m_ratio_poster/public/p2881817779.jpg,2021-11-11(中国大陆),https://movie.douban.com/subject/35422807/,7.4,"剧情,喜剧,悬疑",2,,,2022-02-14 20:54:04,2021 / 中国大陆 / 剧情 喜剧 悬疑 / 刘循子墨 / 尹正 邓家佳
3236107381,红辣椒,,https://img1.doubanio.com/view/photo/m_ratio_poster/public/p2794776839.jpg,2006-09-02(威尼斯电影节),https://movie.douban.com/subject/1865703/,9,"科幻,动画,悬疑",5,,,2022-02-12 22:46:55,2006 / 日本 / 科幻 动画 悬疑 惊悚 / 今敏 / 林原惠美 江守彻
3221444742,这个杀手不太冷静,,https://img1.doubanio.com/view/photo/m_ratio_poster/public/p2814949620.jpg,2022-02-01(中国大陆),https://movie.douban.com/subject/35505100/,6.1,喜剧,4,,,2022-02-04 12:28:51,2022 / 中国大陆 / 喜剧 / 邢文雄 / 马丽 魏翔
3165521805,爱情神话,,https://img1.doubanio.com/view/photo/m_ratio_poster/public/p2914207920.jpg,2021-12-24(中国大陆),https://movie.douban.com/subject/35376457/,8.1,"剧情,喜剧,爱情",4,小资味儿还是稍浓了些,,2021-12-27 20:34:00,2021 / 中国大陆 / 剧情 喜剧 爱情 / 邵艺辉 / 徐峥 马伊琍
3155549677,瑞克和莫蒂 第二季,,https://img3.doubanio.com/view/photo/m_ratio_poster/public/p2396868707.jpg,2015-07-26(美国),https://movie.douban.com/subject/25865470/,9.8,"喜剧,科幻,动画",5,,,2021-12-20 20:50:44,2015 / 美国 / 喜剧 科幻 动画 冒险 / 韦斯利·阿彻 皮特·米歇尔斯 / 贾斯汀·罗兰 克里斯·帕内尔
3136069511,士兵突击,,https://img9.doubanio.com/view/photo/m_ratio_poster/public/p2240922426.jpg,2006-12-24(中国大陆),https://movie.douban.com/subject/2154096/,9.5,剧情,4,,,2021-12-05 00:05:41,2006 / 中国大陆 / 剧情 / 康洪雷 / 王宝强 陈思诚
3077579097,电锯惊魂,,https://img9.doubanio.com/view/photo/m_ratio_poster/public/p726839485.jpg,2004-01-19(圣丹斯电影节),https://movie.douban.com/subject/1417598/,8.7,"悬疑,惊悚,恐怖",5,"想看续集~
(之前是怎么打的四星的？修改下评分)",,2021-10-18 09:16:35,2004 / 美国 / 悬疑 惊悚 恐怖 / 温子仁 / 雷·沃纳尔 加利·艾尔维斯
3077577274,闪灵,,https://img2.doubanio.com/view/photo/m_ratio_poster/public/p2461253191.jpg,1980-05-23(美国),https://movie.douban.com/subject/1292225/,8.3,恐怖,2,,,2021-10-18 09:13:45,1980 / 英国 美国 / 恐怖 / 斯坦利·库布里克 / 杰克·尼科尔森 谢莉·杜瓦尔
3069358835,瑞克和莫蒂 第一季,,https://img1.doubanio.com/view/photo/m_ratio_poster/public/p2396871198.jpg,2013-12-02(美国),https://movie.douban.com/subject/11537954/,9.7,"喜剧,动画",5,100昏100昏,,2021-10-10 23:39:53,2013 / 美国 / 喜剧 动画 / 贾斯汀·罗兰 / 贾斯汀·罗兰 克里斯·帕内尔
3066574912,天才：游戏的法则,,https://img9.doubanio.com/view/photo/m_ratio_poster/public/p2160063244.jpg,2013-04-26(韩国),https://movie.douban.com/subject/25777620/,9.2,真人秀,3,,,2021-10-08 21:03:55,2013 / 韩国 / 真人秀 / 김한규 / 金九拉 车侑蓝
3066574458,诈欺游戏,,https://img9.doubanio.com/view/photo/m_ratio_poster/public/p2243116075.jpg,2007-04-14(日本),https://movie.douban.com/subject/2018076/,8.4,"剧情,悬疑,犯罪",3,,,2021-10-08 21:03:33,2007 / 日本 / 剧情 悬疑 犯罪 / 松山博昭 大木绫子 植田泰史 / 户田惠梨香 松田翔太
3066573858,鱿鱼游戏 第一季,,https://img1.doubanio.com/view/photo/m_ratio_poster/public/p2677934359.jpg,2021-09-17(韩国),https://movie.douban.com/subject/34812928/,7.7,"悬疑,惊悚",2,,,2021-10-08 21:03:02,2021 / 韩国 / 悬疑 惊悚 / 黄东赫 / 李政宰 朴海秀
3058242858,怒火·重案,,https://img1.doubanio.com/view/photo/m_ratio_poster/public/p2673412189.jpg,2021-07-30(中国大陆),https://movie.douban.com/subject/30174085/,7.2,"动作,犯罪",3,片子不行，但并不要紧~,,2021-10-03 00:16:39,2021 / 中国香港 中国大陆 / 动作 犯罪 / 陈木胜 / 甄子丹 谢霆锋
3035265209,非自然死亡,,https://img2.doubanio.com/view/photo/m_ratio_poster/public/p2554348811.jpg,2018-01-12(日本),https://movie.douban.com/subject/27140017/,9.5,"剧情,悬疑",,,,2021-09-12 22:17:02,2018 / 日本 / 剧情 悬疑 / 冢原亚由子 竹村谦太郎 村尾嘉昭 / 石原里美 井浦新
3035262187,父女七日变,,https://img9.doubanio.com/view/photo/m_ratio_poster/public/p2253462295.jpg,2007-07-01(日本),https://movie.douban.com/subject/2142535/,8.4,"剧情,喜剧,家庭",,,,2021-09-12 22:15:03,2007 / 日本 / 剧情 喜剧 家庭 / 高成麻畝子 吉田健 / 馆博 新垣结衣
3035260335,掟上今日子的备忘录,,https://img3.doubanio.com/view/photo/m_ratio_poster/public/p2274077677.jpg,2015-10-10(日本),https://movie.douban.com/subject/26546794/,8.3,"剧情,悬疑",,,,2021-09-12 22:13:49,2015 / 日本 / 剧情 悬疑 / 佐藤东弥 / 新垣结衣 冈田将生
3035259947,无法成为野兽的我们,,https://img9.doubanio.com/view/photo/m_ratio_poster/public/p2537556934.jpg,2018-10-10(日本),https://movie.douban.com/subject/30290917/,7.7,爱情,,,,2021-09-12 22:13:33,2018 / 日本 / 爱情 / 水田伸生 / 新垣结衣 松田龙平
3035259717,胜者即是正义2,,https://img9.doubanio.com/view/photo/m_ratio_poster/public/p2171877514.jpg,2013-10-09(日本),https://movie.douban.com/subject/23997724/,9.4,"喜剧,悬疑,犯罪",,,,2021-09-12 22:13:23,2013 / 日本 / 喜剧 悬疑 犯罪 / 石川淳一 城宝秀则 西坂瑞城 / 堺雅人 新垣结衣
3035259524,胜者即是正义,,https://img2.doubanio.com/view/photo/m_ratio_poster/public/p1901775591.jpg,2012-04-17(日本),https://movie.douban.com/subject/10491666/,9.4,"剧情,喜剧,犯罪",,,,2021-09-12 22:13:16,2012 / 日本 / 剧情 喜剧 犯罪 / 石川淳一 城宝秀则 / 堺雅人 新垣结衣
3035257229,紧急救命3,,https://img1.doubanio.com/view/photo/m_ratio_poster/public/p2503620218.jpg,2017-07-17(日本),https://movie.douban.com/subject/26951886/,8.5,剧情,,,,2021-09-12 22:11:44,2017 / 日本 / 剧情 / 西浦正记 叶山浩树 田中亮 / 山下智久 新垣结衣
3035256892,紧急救命2,,https://img1.doubanio.com/view/photo/m_ratio_poster/public/p2171733008.jpg,2010-01-11(日本),https://movie.douban.com/subject/4061061/,8.9,剧情,,,,2021-09-12 22:11:31,2010 / 日本 / 剧情 / 西浦正记 叶山浩树 / 山下智久 新垣结衣
3035256661,紧急救命,,https://img2.doubanio.com/view/photo/m_ratio_poster/public/p2169754831.jpg,2008-07-03(日本),https://movie.douban.com/subject/3184572/,8.5,剧情,,,,2021-09-12 22:11:22,2008 / 日本 / 剧情 / 叶山浩树 西浦正记 / 山下智久 新垣结衣
3035256119,龙樱,,https://img1.doubanio.com/view/photo/m_ratio_poster/public/p2257010200.jpg,2005-07-08(日本),https://movie.douban.com/subject/1915312/,8.8,剧情,,,,2021-09-12 22:10:58,2005 / 日本 / 剧情 / 塚本连平 唐木希浩 小松隆志 / 阿部宽 长谷川京子
3035253928,逃避虽可耻但有用,,https://img2.doubanio.com/view/photo/m_ratio_poster/public/p2400201631.jpg,2016-10-11(日本),https://movie.douban.com/subject/26816519/,8.4,喜剧,,,,2021-09-12 22:09:32,2016 / 日本 / 喜剧 / 金子文纪 土井裕泰 石井康晴 / 新垣结衣 星野源
3035253496,最完美的离婚,,https://img9.doubanio.com/view/photo/m_ratio_poster/public/p2624693806.jpg,2013-01-10(日本),https://movie.douban.com/subject/20416430/,8.9,"剧情,喜剧,爱情",,,,2021-09-12 22:09:14,2013 / 日本 / 剧情 喜剧 爱情 / 宫本理江子 并木道子 加藤裕将 宫胁亮 / 永山瑛太 尾野真千子
3035253200,四重奏,,https://img1.doubanio.com/view/photo/m_ratio_poster/public/p2413247968.jpg,2017-01-17(日本),https://movie.douban.com/subject/26895171/,9.1,"剧情,爱情,悬疑",,,,2021-09-12 22:09:01,2017 / 日本 / 剧情 爱情 悬疑 / 土井裕泰 金子文纪 坪井敏雄 / 松隆子 满岛光
3035252834,求婚大作战,,https://img3.doubanio.com/view/photo/m_ratio_poster/public/p2228596492.jpg,2007-04-16(日本),https://movie.douban.com/subject/2018131/,8.9,"剧情,爱情,奇幻",,,,2021-09-12 22:08:45,2007 / 日本 / 剧情 爱情 奇幻 / 成田岳 加藤裕将 / 山下智久 长泽雅美
3018765619,功夫熊猫,,https://img3.doubanio.com/view/photo/m_ratio_poster/public/p1597238857.jpg,2008-06-20(中国大陆),https://movie.douban.com/subject/1783457/,8.2,"喜剧,动作,动画",,,,2021-08-29 14:58:02,2008 / 美国 / 喜剧 动作 动画 冒险 / 马克·奥斯本 约翰·斯蒂文森 / 杰克·布莱克 达斯汀·霍夫曼
3018765566,2012,,https://img1.doubanio.com/view/photo/m_ratio_poster/public/p505238859.jpg,2009-11-13(中国大陆),https://movie.douban.com/subject/3005875/,8,"科幻,灾难",,,,2021-08-29 14:58:01,2009 / 美国 加拿大 / 科幻 灾难 / 罗兰·艾默里奇 / 约翰·库萨克 阿曼达·皮特
3018765059,秒速5厘米,,https://img3.doubanio.com/view/photo/m_ratio_poster/public/p982896012.jpg,2007-03-03(日本),https://movie.douban.com/subject/2043546/,8.3,"剧情,爱情,动画",,,,2021-08-29 14:57:41,2007 / 日本 / 剧情 爱情 动画 / 新海诚 / 水桥研二 近藤好美
3018764408,国王的演讲,,https://img3.doubanio.com/view/photo/m_ratio_poster/public/p768879237.jpg,2012-02-24(中国大陆),https://movie.douban.com/subject/4023638/,8.4,"剧情,传记,历史",,,,2021-08-29 14:57:13,2010 / 美国 英国 / 剧情 传记 历史 / 汤姆·霍伯 / 科林·费尔斯 杰弗里·拉什
3018762140,美丽心灵,,https://img1.doubanio.com/view/photo/m_ratio_poster/public/p1665997400.jpg,2001-12-13(加州首映),https://movie.douban.com/subject/1306029/,9.1,"剧情,传记",,,,2021-08-29 14:55:32,2001 / 美国 / 剧情 传记 / 朗·霍华德 / 罗素·克劳 艾德·哈里斯
3018762009,驯龙高手,,https://img9.doubanio.com/view/photo/m_ratio_poster/public/p2210954024.jpg,2010-05-14(中国大陆),https://movie.douban.com/subject/2353023/,8.8,"动画,奇幻,冒险",,,,2021-08-29 14:55:26,2010 / 美国 / 动画 奇幻 冒险 / 迪恩·德布洛斯 克里斯·桑德斯 / 杰伊·巴鲁切尔 杰拉德·巴特勒
3018761397,无问西东,,https://img9.doubanio.com/view/photo/m_ratio_poster/public/p2507572275.jpg,2018-01-12(中国大陆),https://movie.douban.com/subject/6874741/,7.5,"剧情,爱情,战争",,,,2021-08-29 14:55:00,2018 / 中国大陆 / 剧情 爱情 战争 / 李芳芳 / 章子怡 黄晓明
3018761152,利刃出鞘,,https://img3.doubanio.com/view/photo/m_ratio_poster/public/p2574172427.jpg,2019-11-29(中国大陆),https://movie.douban.com/subject/30318116/,8.1,"剧情,喜剧,悬疑",,,,2021-08-29 14:54:50,2019 / 美国 / 剧情 喜剧 悬疑 犯罪 / 莱恩·约翰逊 / 丹尼尔·克雷格 安娜·德·阿玛斯
3018760883,源代码,,https://img9.doubanio.com/view/photo/m_ratio_poster/public/p988260245.jpg,2011-08-30(中国大陆),https://movie.douban.com/subject/3075287/,8.5,"科幻,悬疑,惊悚",,,,2021-08-29 14:54:39,2011 / 美国 加拿大 / 科幻 悬疑 惊悚 / 邓肯·琼斯 / 杰克·吉伦哈尔 维拉·法米加
3018760306,美人鱼,,https://img1.doubanio.com/view/photo/m_ratio_poster/public/p2316177058.jpg,2016-02-08(中国大陆),https://movie.douban.com/subject/19944106/,6.7,"喜剧,爱情,奇幻",,,,2021-08-29 14:54:11,2016 / 中国大陆 中国香港 / 喜剧 爱情 奇幻 / 周星驰 / 邓超 罗志祥
3018759614,教父,,https://img9.doubanio.com/view/photo/m_ratio_poster/public/p616779645.jpg,1972-03-15(纽约首映),https://movie.douban.com/subject/1291841/,9.3,"剧情,犯罪",,,,2021-08-29 14:53:38,1972 / 美国 / 剧情 犯罪 / 弗朗西斯·福特·科波拉 / 马龙·白兰度 阿尔·帕西诺
3018758475,西虹市首富,,https://img3.doubanio.com/view/photo/m_ratio_poster/public/p2529206747.jpg,2018-07-27(中国大陆),https://movie.douban.com/subject/27605698/,6.6,喜剧,,,,2021-08-29 14:52:46,2018 / 中国大陆 / 喜剧 / 闫非 彭大魔 / 沈腾 宋芸桦
3018758292,红海行动,,https://img3.doubanio.com/view/photo/m_ratio_poster/public/p2514119443.jpg,2018-02-16(中国大陆),https://movie.douban.com/subject/26861685/,8.2,"动作,战争",,,,2021-08-29 14:52:36,2018 / 中国大陆 中国香港 / 动作 战争 / 林超贤 / 张译 黄景瑜
3018757940,龙猫,,https://img9.doubanio.com/view/photo/m_ratio_poster/public/p2540924496.jpg,2018-12-14(中国大陆),https://movie.douban.com/subject/1291560/,9.2,"动画,奇幻,冒险",,,,2021-08-29 14:52:20,1988 / 日本 / 动画 奇幻 冒险 / 宫崎骏 / 日高范子 坂本千夏
3018757726,你好，李焕英,,https://img1.doubanio.com/view/photo/m_ratio_poster/public/p2629056068.jpg,2021-02-12(中国大陆),https://movie.douban.com/subject/34841067/,7.7,"剧情,喜剧,奇幻",,,,2021-08-29 14:52:11,2021 / 中国大陆 / 剧情 喜剧 奇幻 / 贾玲 / 贾玲 张小斐
3018757651,飞屋环游记,,https://img1.doubanio.com/view/photo/m_ratio_poster/public/p2553594918.jpg,2009-08-04(中国大陆),https://movie.douban.com/subject/2129039/,9.1,"剧情,喜剧,动画",,,,2021-08-29 14:52:07,2009 / 美国 / 剧情 喜剧 动画 冒险 / 彼特·道格特 鲍勃·彼德森 / 爱德华·阿斯纳 克里斯托弗·普卢默
3018757487,头号玩家,,https://img3.doubanio.com/view/photo/m_ratio_poster/public/p2516578307.jpg,2018-03-30(中国大陆),https://movie.douban.com/subject/4920389/,8.6,"动作,科幻,冒险",,,,2021-08-29 14:51:58,2018 / 美国 / 动作 科幻 冒险 / 史蒂文·斯皮尔伯格 / 泰伊·谢里丹 奥利维亚·库克
3018757452,你的名字。,,https://img2.doubanio.com/view/photo/m_ratio_poster/public/p2910701461.jpg,2016-12-02(中国大陆),https://movie.douban.com/subject/26683290/,8.5,"剧情,爱情,动画",,,,2021-08-29 14:51:56,2016 / 日本 / 剧情 爱情 动画 / 新海诚 / 神木隆之介 上白石萌音
3018757396,阿凡达,,https://img1.doubanio.com/view/photo/m_ratio_poster/public/p2180085848.jpg,2010-01-04(中国大陆),https://movie.douban.com/subject/1652587/,8.8,"动作,科幻,冒险",,,,2021-08-29 14:51:54,2009 / 美国 / 动作 科幻 冒险 / 詹姆斯·卡梅隆 / 萨姆·沃辛顿 佐伊·索尔达娜
3018757106,楚门的世界,,https://img3.doubanio.com/view/photo/m_ratio_poster/public/p479682972.jpg,1998-06-05(美国),https://movie.douban.com/subject/1292064/,9.4,"剧情,科幻",,,,2021-08-29 14:51:38,1998 / 美国 / 剧情 科幻 / 彼得·威尔 / 金·凯瑞 劳拉·琳妮
3018756890,星际穿越,,https://img3.doubanio.com/view/photo/m_ratio_poster/public/p2614988097.jpg,2014-11-12(中国大陆),https://movie.douban.com/subject/1889243/,9.4,"剧情,科幻,冒险",,,,2021-08-29 14:51:27,2014 / 美国 英国 加拿大 / 剧情 科幻 冒险 / 克里斯托弗·诺兰 / 马修·麦康纳 安妮·海瑟薇
3018756746,疯狂动物城,,https://img2.doubanio.com/view/photo/m_ratio_poster/public/p2323981221.jpg,2016-03-04(中国大陆),https://movie.douban.com/subject/25662329/,9.2,"喜剧,动画,冒险",,,,2021-08-29 14:51:21,2016 / 美国 / 喜剧 动画 冒险 / 拜伦·霍华德 瑞奇·摩尔 杰拉德·布什 / 金妮弗·古德温 杰森·贝特曼
3018756611,三傻大闹宝莱坞,,https://img2.doubanio.com/view/photo/m_ratio_poster/public/p579729551.jpg,2011-12-08(中国大陆),https://movie.douban.com/subject/3793023/,9.2,"剧情,喜剧,爱情",,,,2021-08-29 14:51:15,2009 / 印度 / 剧情 喜剧 爱情 歌舞 / 拉吉库马尔·希拉尼 / 阿米尔·汗 卡琳娜·卡普尔
3018756336,阿甘正传,,https://img3.doubanio.com/view/photo/m_ratio_poster/public/p2372307693.jpg,1994-06-23(洛杉矶首映),https://movie.douban.com/subject/1292720/,9.5,"剧情,爱情",,,,2021-08-29 14:51:02,1994 / 美国 / 剧情 爱情 / 罗伯特·泽米吉斯 / 汤姆·汉克斯 罗宾·怀特
3018756203,千与千寻,,https://img1.doubanio.com/view/photo/m_ratio_poster/public/p2557573348.jpg,2019-06-21(中国大陆),https://movie.douban.com/subject/1291561/,9.4,"剧情,动画,奇幻",,,,2021-08-29 14:50:56,2001 / 日本 / 剧情 动画 奇幻 / 宫崎骏 / 柊瑠美 入野自由
3018755846,肖申克的救赎,,https://img3.doubanio.com/view/photo/m_ratio_poster/public/p480747492.jpg,1994-09-10(多伦多电影节),https://movie.douban.com/subject/1292052/,9.7,"剧情,犯罪",,,,2021-08-29 14:50:41,1994 / 美国 / 剧情 犯罪 / 弗兰克·德拉邦特 / 蒂姆·罗宾斯 摩根·弗里曼